PROJETOS,CONSULTOR,Senioridade
Projeto1-Funcional,FSIM,Expert
Projeto1-Funcional,IFGO,Estagiário
Projeto1-Funcional,JVM6,Sênior
Projeto1-Funcional,WPDM,Expert
Projeto1-Funcional,LFED2,Pleno
Projeto1-Funcional,BMIR,Sênior
Projeto1-Funcional,JAMJ,Sênior
Projeto1-Funcional,JDEF,Pleno
Projeto1-Funcional,LGOM2,Expert
Projeto1-Funcional,T3LSC2,Sênior
Projeto1-Funcional,VLU,Sênior
Projeto1-Funcional,AZBU,Expert
Projeto1-Funcional,EDSênior,Pleno
Projeto1-Funcional,PMSN,Pleno
Projeto1-Funcional,RNME,Sênior
Projeto1-Funcional,T3FJSênior,Pleno
Projeto1-Funcional,RTEC,Sênior
Projeto1-Funcional,T3JSM6,Sênior
Projeto1-Funcional,T3TDAS,Sênior
Projeto1-Funcional,ARDA2,Pleno
Projeto1-Funcional,ASGN,Sênior
Projeto1-Funcional,CJDA,Júnior
Projeto1-Funcional,CRSI,Júnior
Projeto1-Basis,DDAS,Júnior
Projeto1-Basis,FANT,Júnior
Projeto1-Basis,GLEO,Sênior
Projeto1-Basis,GRIA,Júnior
Projeto1-Basis,GROD1,Júnior
Projeto1-Basis,GUSB,Estagiário
Projeto1-Basis,JNIS,Pleno
Projeto1-Basis,MAPC5,Sênior
Projeto1-Basis,MTTA,Sênior
Projeto1-Basis,PMSC,Sênior
Projeto1-Basis,RDRB,Sênior
Projeto1-Basis,RRLV,Pleno
Projeto1-Basis,RRO1,Sênior
Projeto1-Basis,ESCM,Sênior
Projeto1-Basis,JOJC,Sênior
Projeto1-Basis,MGRK,Sênior
Projeto1-Basis,MIDS,Júnior
Projeto1-Basis,WJMS,Pleno
Projeto1-Basis,CTT,Sênior
Projeto1-Basis,T3MSQ1,Sênior
Projeto1-Basis,TSIA,Sênior
Projeto1-Basis,LFRO1,Sênior
Projeto1-Basis,PCSF,Sênior
Projeto1-Basis,SMMT,Sênior
Projeto2-Funcional,ARDA2,Pleno
Projeto2-Funcional,AZBU,Expert
Projeto2-Funcional,BMIR,Sênior
Projeto2-Funcional,CRSI,Júnior
Projeto2-Funcional,DDAS,Júnior
Projeto2-Funcional,EDSênior,Pleno
Projeto2-Funcional,GLEO,Sênior
Projeto2-Funcional,GLO,Pleno
Projeto2-Funcional,GRIA,Júnior
Projeto2-Funcional,GROD1,Júnior
Projeto2-Funcional,GUSB,Estagiário
Projeto2-Funcional,IFGO,Estagiário
Projeto2-Funcional,JAMJ,Sênior
Projeto2-Funcional,JDEF,Pleno
Projeto2-Funcional,JMAP3,Pleno
Projeto2-Funcional,JNIS,Pleno
Projeto2-Funcional,JVF,Sênior
Projeto2-Funcional,LAS,Expert
Projeto2-Funcional,LFED2,Pleno
Projeto2-Funcional,LFRO1,Sênior
Projeto2-Funcional,LGOM2,Expert
Projeto2-Funcional,MDSC,Pleno
Projeto2-Funcional,MES1,Sênior
Projeto2-Funcional,MTTA,Sênior
Projeto2-Funcional,OTMD,Júnior
Projeto2-Funcional,PFRN1,Júnior
Projeto2-Funcional,PMSC,Sênior
Projeto2-Funcional,PMSN,Pleno
Projeto2-Funcional,RBR1,Estagiário
Projeto2-Funcional,RDRB,Sênior
Projeto2-Funcional,RKEN,Júnior
Projeto2-Funcional,RNME,Sênior
Projeto2-Funcional,RRLV,Pleno
Projeto2-Funcional,RRO1,Sênior
Projeto2-Funcional,RTEC,Sênior
Projeto2-Funcional,SMMT,Sênior
Projeto2-Funcional,SVAS,Expert
Projeto2-Funcional,T3ASC4,Expert
Projeto2-Funcional,T3CIBM,Sênior
Projeto2-Funcional,T3JFBD,Sênior
Projeto2-Funcional,T3JSM6,Sênior
Projeto2-Funcional,T3LSC2,Sênior
Projeto2-Funcional,T3MSQ1,Sênior
Projeto2-Funcional,T3TDAS,Sênior
Projeto2-Funcional,T3TLGR,Pleno
Projeto2-Funcional,TSIA,Sênior
Projeto2-Funcional,VLU,Sênior
Projeto2-Funcional,WPDM,Expert
